id,title,content,published,viewCount,rating,authorId,categoryId,createdAt,updatedAt
1,Building Scalable APIs #1,This article covers topic 1 in depth. We explore various aspects and provide practical examples.,TRUE,2841,2.4,36,14,2025-10-05T19:38:22,2025-10-05T19:38:22
2,はじめてのReact入門 #2,この記事ではPost 2について詳しく解説します。初心者にもわかりやすく説明していきます。,TRUE,1026,4.3,26,7,2024-06-13T12:57:04,2024-06-13T12:57:04
3,TDD実践入門 #3,This article covers topic 3 in depth. We explore various aspects and provide practical examples.,FALSE,8697,5.0,9,1,2025-01-22T05:06:46,2025-01-22T05:06:46
4,API設計原則 #4,この記事ではPost 4について詳しく解説します。初心者にもわかりやすく説明していきます。,TRUE,2414,0.9,50,11,2024-12-17T09:34:16,2024-12-17T09:34:16
5,Rust for Beginners #5,This article covers topic 5 in depth. We explore various aspects and provide practical examples.,TRUE,4139,0.3,10,17,2025-08-10T02:08:13,2025-08-10T02:08:13
6,GraphQL vs REST API #6,この記事ではPost 6について詳しく解説します。初心者にもわかりやすく説明していきます。,FALSE,3334,1.1,36,17,2024-11-26T11:45:57,2024-11-26T11:45:57
7,Building Scalable APIs #7,This article covers topic 7 in depth. We explore various aspects and provide practical examples.,TRUE,4349,,9,11,2024-08-28T15:21:33,2024-08-28T15:21:33
8,Pythonデータ分析 #8,,TRUE,4395,3.1,3,12,2025-01-12T20:52:25,2025-01-12T20:52:25
9,Cloud Native Development #9,This article covers topic 9 in depth. We explore various aspects and provide practical examples.,FALSE,6046,4.6,12,,2023-10-24T15:39:03,2023-10-24T15:39:03
10,Microservices Architecture #10,この記事ではPost 10について詳しく解説します。初心者にもわかりやすく説明していきます。,TRUE,986,1.6,14,8,2025-02-25T23:38:32,2025-02-25T23:38:32
11,Building Scalable APIs #11,This article covers topic 11 in depth. We explore various aspects and provide practical examples.,TRUE,2055,0.1,15,3,2024-04-22T06:02:55,2024-04-22T06:02:55
12,Rust for Beginners #12,この記事ではPost 12について詳しく解説します。初心者にもわかりやすく説明していきます。,FALSE,3666,0.2,16,19,2023-01-13T22:32:10,2023-01-13T22:32:10
13,Swift UI Tutorial #13,This article covers topic 13 in depth. We explore various aspects and provide practical examples.,TRUE,8439,0.2,16,16,2024-07-13T22:19:14,2024-07-13T22:19:14
14,セキュリティベストプラクティス #14,この記事ではPost 14について詳しく解説します。初心者にもわかりやすく説明していきます。,TRUE,9640,,40,17,2024-05-27T21:14:24,2024-05-27T21:14:24
15,Swift UI Tutorial #15,210,FALSE,3283,1.7,4,14,2023-11-19T06:23:09,2023-11-19T06:23:09
16,バージョン管理の基本 #16,,TRUE,6814,1.8,25,10,2025-11-07T21:35:32,2025-11-07T21:35:32
17,パフォーマンス最適化 #17,This article covers topic 17 in depth. We explore various aspects and provide practical examples.,TRUE,1934,4.9,43,20,2023-08-03T20:27:21,2023-08-03T20:27:21
18,CI/CD Pipeline Setup #18,この記事ではPost 18について詳しく解説します。初心者にもわかりやすく説明していきます。,FALSE,4953,1.9,47,,2023-10-20T18:04:43,2023-10-20T18:04:43
19,データベース設計入門 #19,This article covers topic 19 in depth. We explore various aspects and provide practical examples.,TRUE,5495,2.8,43,16,2025-05-05T09:19:42,2025-05-05T09:19:42
20,デザインパターン入門 #20,この記事ではPost 20について詳しく解説します。初心者にもわかりやすく説明していきます。,TRUE,995,FALSE,8,19,2024-04-23T21:34:10,2024-04-23T21:34:10
21,TDD実践入門 #21,This article covers topic 21 in depth. We explore various aspects and provide practical examples.,FALSE,7363,,37,15,2025-03-10T16:30:00,2025-03-10T16:30:00
22,Pythonデータ分析 #22,この記事ではPost 22について詳しく解説します。初心者にもわかりやすく説明していきます。,TRUE,9833,2.1,47,12,2024-02-12T02:14:41,2024-02-12T02:14:41
23,パフォーマンス最適化 #23,This article covers topic 23 in depth. We explore various aspects and provide practical examples.,TRUE,4106,0.1,27,19,2025-07-19T10:36:53,2025-07-19T10:36:53
24,Vue.js 3 Migration Guide #24,,FALSE,8248,4.8,46,15,2023-03-05T10:03:24,2023-03-05T10:03:24
25,CI/CD Pipeline Setup #25,This article covers topic 25 in depth. We explore various aspects and provide practical examples.,TRUE,7996,4.8,35,15,2023-03-03T11:51:23,2023-03-03T11:51:23
26,Rust for Beginners #26,この記事ではPost 26について詳しく解説します。初心者にもわかりやすく説明していきます。,TRUE,3084,4.6,16,8,2025-08-06T02:54:29,2025-08-06T02:54:29
27,CSS Grid完全ガイド #27,This article covers topic 27 in depth. We explore various aspects and provide practical examples.,FALSE,7896,3.2,43,,2023-07-20T17:56:43,2023-07-20T17:56:43
28,CI/CD Pipeline Setup #28,この記事ではPost 28について詳しく解説します。初心者にもわかりやすく説明していきます。,TRUE,6609,,39,1,2025-11-15T00:09:28,2025-11-15T00:09:28
29,Kubernetes Best Practices #29,This article covers topic 29 in depth. We explore various aspects and provide practical examples.,TRUE,4694,2.2,48,4,2023-05-26T03:27:25,2023-05-26T03:27:25
30,PostgreSQL Performance Tips #30,8728,FALSE,9355,0.8,29,9,2024-03-23T06:42:16,2024-03-23T06:42:16
31,Testing Strategies in Node.js #31,This article covers topic 31 in depth. We explore various aspects and provide practical examples.,TRUE,9527,1.6,43,9,2024-01-13T18:11:06,2024-01-13T18:11:06
32,AWS Lambda実践 #32,,TRUE,3105,0.9,17,10,2024-10-25T10:42:01,2024-10-25T10:42:01
33,Next.js 15の新機能 #33,This article covers topic 33 in depth. We explore various aspects and provide practical examples.,FALSE,2789,1.1,30,13,2024-06-20T09:53:13,2024-06-20T09:53:13
34,Docker入門ガイド #34,この記事ではPost 34について詳しく解説します。初心者にもわかりやすく説明していきます。,TRUE,8213,4.4,39,5,2024-03-04T05:20:42,2024-03-04T05:20:42
35,Agile Development Guide #35,This article covers topic 35 in depth. We explore various aspects and provide practical examples.,TRUE,3718,,25,1,2023-05-25T11:52:54,2023-05-25T11:52:54
36,Go言語入門 #36,この記事ではPost 36について詳しく解説します。初心者にもわかりやすく説明していきます。,FALSE,8932,4.1,7,,2023-11-12T06:53:37,2023-11-12T06:53:37
37,Understanding TypeScript Generics #37,This article covers topic 37 in depth. We explore various aspects and provide practical examples.,TRUE,9986,2.4,26,14,2024-12-24T10:34:51,2024-12-24T10:34:51
38,PostgreSQL Performance Tips #38,この記事ではPost 38について詳しく解説します。初心者にもわかりやすく説明していきます。,TRUE,3194,3.3,19,15,2025-07-28T04:23:12,2025-07-28T04:23:12
39,PostgreSQL Performance Tips #39,This article covers topic 39 in depth. We explore various aspects and provide practical examples.,FALSE,6706,0.5,10,14,2025-01-10T15:31:25,2025-01-10T15:31:25
40,Pythonデータ分析 #40,,TRUE,512,FALSE,2,5,2024-11-16T14:40:37,2024-11-16T14:40:37
41,サーバーレスアーキテクチャ #41,This article covers topic 41 in depth. We explore various aspects and provide practical examples.,TRUE,9994,0.4,13,1,2025-12-16T22:15:19,2025-12-16T22:15:19
42,Next.js 15の新機能 #42,この記事ではPost 42について詳しく解説します。初心者にもわかりやすく説明していきます。,FALSE,8149,,26,3,2025-04-15T05:03:25,2025-04-15T05:03:25
43,Cloud Native Development #43,This article covers topic 43 in depth. We explore various aspects and provide practical examples.,TRUE,989,2.7,7,7,2023-03-02T04:52:31,2023-03-02T04:52:31
44,AWS Lambda実践 #44,この記事ではPost 44について詳しく解説します。初心者にもわかりやすく説明していきます。,TRUE,1982,3.4,13,16,2025-10-08T00:04:40,2025-10-08T00:04:40
45,Swift UI Tutorial #45,3576,FALSE,5777,1.2,48,,2024-05-15T08:59:41,2024-05-15T08:59:41
46,Go言語入門 #46,この記事ではPost 46について詳しく解説します。初心者にもわかりやすく説明していきます。,TRUE,304,0.8,18,15,2024-08-24T12:02:20,2024-08-24T12:02:20
47,Docker入門ガイド #47,This article covers topic 47 in depth. We explore various aspects and provide practical examples.,TRUE,9771,2.8,48,1,2023-11-22T01:17:37,2023-11-22T01:17:37
48,Building Scalable APIs #48,,FALSE,6262,2.9,19,19,2023-01-19T12:31:53,2023-01-19T12:31:53
49,Pythonデータ分析 #49,This article covers topic 49 in depth. We explore various aspects and provide practical examples.,TRUE,762,,17,19,2024-10-24T07:06:31,2024-10-24T07:06:31
50,Git Advanced Techniques #50,この記事ではPost 50について詳しく解説します。初心者にもわかりやすく説明していきます。,TRUE,2283,4.3,9,1,2025-01-25T18:23:50,2025-01-25T18:23:50
51,Linux Command Line Tips #51,This article covers topic 51 in depth. We explore various aspects and provide practical examples.,FALSE,8394,3.2,20,3,2024-02-12T21:21:38,2024-02-12T21:21:38
52,セキュリティベストプラクティス #52,この記事ではPost 52について詳しく解説します。初心者にもわかりやすく説明していきます。,TRUE,8854,4.4,42,20,2025-03-27T22:55:37,2025-03-27T22:55:37
53,AWS Lambda実践 #53,This article covers topic 53 in depth. We explore various aspects and provide practical examples.,TRUE,6316,1.6,37,16,2024-09-06T22:00:23,2024-09-06T22:00:23
54,TDD実践入門 #54,この記事ではPost 54について詳しく解説します。初心者にもわかりやすく説明していきます。,FALSE,2886,4.5,1,,2025-05-25T02:20:06,2025-05-25T02:20:06
55,バージョン管理の基本 #55,This article covers topic 55 in depth. We explore various aspects and provide practical examples.,TRUE,2421,0.1,2,1,2024-09-16T21:20:54,2024-09-16T21:20:54
56,Linux Command Line Tips #56,,TRUE,1474,,1,3,2023-08-09T06:58:22,2023-08-09T06:58:22
57,Swift UI Tutorial #57,This article covers topic 57 in depth. We explore various aspects and provide practical examples.,FALSE,4824,0.3,11,11,2025-07-21T21:11:00,2025-07-21T21:11:00
58,GraphQL vs REST API #58,この記事ではPost 58について詳しく解説します。初心者にもわかりやすく説明していきます。,TRUE,5725,1.7,20,3,2023-03-01T10:58:28,2023-03-01T10:58:28
59,Pythonデータ分析 #59,This article covers topic 59 in depth. We explore various aspects and provide practical examples.,TRUE,5743,3.3,18,20,2024-01-26T09:59:09,2024-01-26T09:59:09
60,Linux Command Line Tips #60,5717,FALSE,138,FALSE,37,3,2023-10-13T15:36:15,2023-10-13T15:36:15
61,Understanding TypeScript Generics #61,This article covers topic 61 in depth. We explore various aspects and provide practical examples.,TRUE,3364,4.5,23,10,2025-02-16T07:28:50,2025-02-16T07:28:50
62,Linux Command Line Tips #62,この記事ではPost 62について詳しく解説します。初心者にもわかりやすく説明していきます。,TRUE,9831,1.6,44,16,2024-05-11T01:21:32,2024-05-11T01:21:32
63,Agile Development Guide #63,This article covers topic 63 in depth. We explore various aspects and provide practical examples.,FALSE,7034,,15,,2024-08-12T01:58:33,2024-08-12T01:58:33
64,Swift UI Tutorial #64,,TRUE,2159,5.0,24,7,2024-05-11T11:24:03,2024-05-11T11:24:03
65,AWS Lambda実践 #65,This article covers topic 65 in depth. We explore various aspects and provide practical examples.,TRUE,423,0.6,35,5,2025-01-02T05:18:00,2025-01-02T05:18:00
66,パフォーマンス最適化 #66,この記事ではPost 66について詳しく解説します。初心者にもわかりやすく説明していきます。,FALSE,7704,1.3,23,17,2024-10-27T05:41:20,2024-10-27T05:41:20
67,PostgreSQL Performance Tips #67,This article covers topic 67 in depth. We explore various aspects and provide practical examples.,TRUE,8449,4.3,24,5,2023-12-17T15:32:19,2023-12-17T15:32:19
68,CI/CD Pipeline Setup #68,この記事ではPost 68について詳しく解説します。初心者にもわかりやすく説明していきます。,TRUE,9911,3.9,40,11,2023-06-20T01:48:24,2023-06-20T01:48:24
69,データベース設計入門 #69,This article covers topic 69 in depth. We explore various aspects and provide practical examples.,FALSE,1496,3.3,41,3,2025-11-18T21:20:14,2025-11-18T21:20:14
70,はじめてのReact入門 #70,この記事ではPost 70について詳しく解説します。初心者にもわかりやすく説明していきます。,TRUE,9832,,20,9,2023-11-09T14:19:40,2023-11-09T14:19:40
71,CSS Grid完全ガイド #71,This article covers topic 71 in depth. We explore various aspects and provide practical examples.,TRUE,3981,0.6,46,8,2023-09-22T08:38:17,2023-09-22T08:38:17
72,はじめてのReact入門 #72,,FALSE,9239,0.4,28,,2024-01-18T15:16:03,2024-01-18T15:16:03
73,PostgreSQL Performance Tips #73,This article covers topic 73 in depth. We explore various aspects and provide practical examples.,TRUE,5545,4.7,29,9,2023-04-11T22:50:42,2023-04-11T22:50:42
74,Testing Strategies in Node.js #74,この記事ではPost 74について詳しく解説します。初心者にもわかりやすく説明していきます。,TRUE,2231,3.5,48,15,2025-03-10T21:17:03,2025-03-10T21:17:03
75,AWS Lambda実践 #75,6409,FALSE,2933,1.4,27,18,2024-07-01T07:04:31,2024-07-01T07:04:31
76,はじめてのReact入門 #76,この記事ではPost 76について詳しく解説します。初心者にもわかりやすく説明していきます。,TRUE,5688,3.3,16,9,2024-08-15T23:31:06,2024-08-15T23:31:06
77,PostgreSQL Performance Tips #77,This article covers topic 77 in depth. We explore various aspects and provide practical examples.,TRUE,93,,5,3,2025-05-23T05:12:51,2025-05-23T05:12:51
78,データベース設計入門 #78,この記事ではPost 78について詳しく解説します。初心者にもわかりやすく説明していきます。,FALSE,6710,0.6,46,11,2025-01-15T04:24:51,2025-01-15T04:24:51
79,Git Advanced Techniques #79,This article covers topic 79 in depth. We explore various aspects and provide practical examples.,TRUE,5055,3.2,2,15,2023-02-12T02:08:18,2023-02-12T02:08:18
80,React Hooks深掘り #80,,TRUE,2139,TRUE,43,13,2023-11-26T17:06:08,2023-11-26T17:06:08
81,Swift UI Tutorial #81,This article covers topic 81 in depth. We explore various aspects and provide practical examples.,FALSE,7496,2.9,25,,2025-05-09T01:30:50,2025-05-09T01:30:50
82,PostgreSQL Performance Tips #82,この記事ではPost 82について詳しく解説します。初心者にもわかりやすく説明していきます。,TRUE,611,2.9,12,20,2023-07-19T14:03:06,2023-07-19T14:03:06
83,Git Advanced Techniques #83,This article covers topic 83 in depth. We explore various aspects and provide practical examples.,TRUE,4640,5.0,32,8,2023-12-17T11:15:23,2023-12-17T11:15:23
84,Microservices Architecture #84,この記事ではPost 84について詳しく解説します。初心者にもわかりやすく説明していきます。,FALSE,6167,,39,4,2025-12-17T11:34:42,2025-12-17T11:34:42
85,バージョン管理の基本 #85,This article covers topic 85 in depth. We explore various aspects and provide practical examples.,TRUE,1196,1.2,36,19,2023-05-01T04:55:22,2023-05-01T04:55:22
86,Agile Development Guide #86,この記事ではPost 86について詳しく解説します。初心者にもわかりやすく説明していきます。,TRUE,214,0.8,12,20,2024-08-28T05:14:16,2024-08-28T05:14:16
87,セキュリティベストプラクティス #87,This article covers topic 87 in depth. We explore various aspects and provide practical examples.,FALSE,1170,1.9,21,9,2023-04-12T11:27:03,2023-04-12T11:27:03
88,Rust for Beginners #88,,TRUE,7756,3.6,39,8,2023-06-24T19:18:35,2023-06-24T19:18:35
89,バージョン管理の基本 #89,This article covers topic 89 in depth. We explore various aspects and provide practical examples.,TRUE,9218,0.9,7,6,2023-02-20T06:58:03,2023-02-20T06:58:03
90,セキュリティベストプラクティス #90,9558,FALSE,7697,0.2,17,,2024-03-13T00:08:37,2024-03-13T00:08:37
91,Swift UI Tutorial #91,This article covers topic 91 in depth. We explore various aspects and provide practical examples.,TRUE,7106,,41,15,2023-04-07T11:37:48,2023-04-07T11:37:48
92,機械学習の基礎 #92,この記事ではPost 92について詳しく解説します。初心者にもわかりやすく説明していきます。,TRUE,400,2.9,11,1,2025-11-17T17:15:58,2025-11-17T17:15:58
93,Pythonデータ分析 #93,This article covers topic 93 in depth. We explore various aspects and provide practical examples.,FALSE,1448,2.5,9,1,2025-01-23T14:27:16,2025-01-23T14:27:16
94,Building Scalable APIs #94,この記事ではPost 94について詳しく解説します。初心者にもわかりやすく説明していきます。,TRUE,6352,1.2,1,4,2024-01-22T09:29:40,2024-01-22T09:29:40
95,CI/CD Pipeline Setup #95,This article covers topic 95 in depth. We explore various aspects and provide practical examples.,TRUE,6768,2.3,26,17,2025-02-17T09:05:51,2025-02-17T09:05:51
96,CSS Grid完全ガイド #96,,FALSE,1958,3.8,49,19,2024-06-15T19:27:43,2024-06-15T19:27:43
97,セキュリティベストプラクティス #97,This article covers topic 97 in depth. We explore various aspects and provide practical examples.,TRUE,3884,3.3,14,11,2024-11-23T04:03:36,2024-11-23T04:03:36
98,Testing Strategies in Node.js #98,この記事ではPost 98について詳しく解説します。初心者にもわかりやすく説明していきます。,TRUE,9108,,22,9,2024-07-06T19:17:36,2024-07-06T19:17:36
99,デザインパターン入門 #99,This article covers topic 99 in depth. We explore various aspects and provide practical examples.,FALSE,1185,4.4,13,,2023-07-13T18:28:35,2023-07-13T18:28:35
100,React Hooks深掘り #100,この記事ではPost 100について詳しく解説します。初心者にもわかりやすく説明していきます。,TRUE,5911,FALSE,33,7,2024-10-22T13:28:25,2024-10-22T13:28:25
101,はじめてのReact入門 #101,This article covers topic 101 in depth. We explore various aspects and provide practical examples.,TRUE,3835,1.9,27,19,2023-03-02T07:20:27,2023-03-02T07:20:27
102,バージョン管理の基本 #102,この記事ではPost 102について詳しく解説します。初心者にもわかりやすく説明していきます。,FALSE,3069,1.4,42,2,2024-07-01T01:35:37,2024-07-01T01:35:37
103,TDD実践入門 #103,This article covers topic 103 in depth. We explore various aspects and provide practical examples.,TRUE,3691,3.5,22,6,2024-04-20T12:23:11,2024-04-20T12:23:11
104,CSS Grid完全ガイド #104,,TRUE,3673,4.2,33,16,2025-01-04T14:47:01,2025-01-04T14:47:01
105,TDD実践入門 #105,826,FALSE,6765,,41,15,2024-01-23T01:30:00,2024-01-23T01:30:00
106,セキュリティベストプラクティス #106,この記事ではPost 106について詳しく解説します。初心者にもわかりやすく説明していきます。,TRUE,5021,0.2,36,10,2025-07-12T15:52:11,2025-07-12T15:52:11
107,バージョン管理の基本 #107,This article covers topic 107 in depth. We explore various aspects and provide practical examples.,TRUE,7063,2.3,31,13,2025-01-03T02:24:32,2025-01-03T02:24:32
108,バージョン管理の基本 #108,この記事ではPost 108について詳しく解説します。初心者にもわかりやすく説明していきます。,FALSE,6491,2.0,45,,2025-02-25T23:30:03,2025-02-25T23:30:03
109,サーバーレスアーキテクチャ #109,This article covers topic 109 in depth. We explore various aspects and provide practical examples.,TRUE,6820,4.1,30,7,2023-05-23T10:15:48,2023-05-23T10:15:48
110,AWS Lambda実践 #110,この記事ではPost 110について詳しく解説します。初心者にもわかりやすく説明していきます。,TRUE,1720,0.9,47,3,2024-05-22T04:06:13,2024-05-22T04:06:13
111,TDD実践入門 #111,This article covers topic 111 in depth. We explore various aspects and provide practical examples.,FALSE,4941,0.7,6,1,2025-06-15T01:37:37,2025-06-15T01:37:37
112,GraphQL vs REST API #112,,TRUE,4571,,16,18,2024-05-16T06:27:32,2024-05-16T06:27:32
113,Agile Development Guide #113,This article covers topic 113 in depth. We explore various aspects and provide practical examples.,TRUE,597,2.6,24,19,2023-12-24T19:58:50,2023-12-24T19:58:50
114,Testing Strategies in Node.js #114,この記事ではPost 114について詳しく解説します。初心者にもわかりやすく説明していきます。,FALSE,7040,3.4,34,18,2025-06-24T19:28:35,2025-06-24T19:28:35
115,Git Advanced Techniques #115,This article covers topic 115 in depth. We explore various aspects and provide practical examples.,TRUE,8244,1.2,1,5,2024-01-02T22:48:27,2024-01-02T22:48:27
116,GraphQL vs REST API #116,この記事ではPost 116について詳しく解説します。初心者にもわかりやすく説明していきます。,TRUE,9729,2.9,12,6,2023-12-15T18:55:45,2023-12-15T18:55:45
117,Git Advanced Techniques #117,This article covers topic 117 in depth. We explore various aspects and provide practical examples.,FALSE,1525,3.4,20,,2025-02-02T08:37:36,2025-02-02T08:37:36
118,Agile Development Guide #118,この記事ではPost 118について詳しく解説します。初心者にもわかりやすく説明していきます。,TRUE,9351,0.5,49,7,2023-06-01T05:32:25,2023-06-01T05:32:25
119,Testing Strategies in Node.js #119,This article covers topic 119 in depth. We explore various aspects and provide practical examples.,TRUE,2152,,28,7,2024-06-08T03:10:55,2024-06-08T03:10:55
120,はじめてのReact入門 #120,,FALSE,1126,TRUE,50,4,2025-07-15T00:40:15,2025-07-15T00:40:15
121,PostgreSQL Performance Tips #121,This article covers topic 121 in depth. We explore various aspects and provide practical examples.,TRUE,2746,4.3,48,8,2023-08-14T20:14:24,2023-08-14T20:14:24
122,パフォーマンス最適化 #122,この記事ではPost 122について詳しく解説します。初心者にもわかりやすく説明していきます。,TRUE,7825,2.0,45,2,2025-05-26T00:54:21,2025-05-26T00:54:21
123,Agile Development Guide #123,This article covers topic 123 in depth. We explore various aspects and provide practical examples.,FALSE,2026,2.0,31,1,2024-01-08T05:32:57,2024-01-08T05:32:57
124,Building Scalable APIs #124,この記事ではPost 124について詳しく解説します。初心者にもわかりやすく説明していきます。,TRUE,6022,1.8,38,7,2025-05-23T16:47:08,2025-05-23T16:47:08
125,Microservices Architecture #125,This article covers topic 125 in depth. We explore various aspects and provide practical examples.,TRUE,1748,2.8,15,5,2024-01-22T22:00:19,2024-01-22T22:00:19
126,Next.js 15の新機能 #126,この記事ではPost 126について詳しく解説します。初心者にもわかりやすく説明していきます。,FALSE,7847,,20,,2023-02-11T19:49:23,2023-02-11T19:49:23
127,React Hooks深掘り #127,This article covers topic 127 in depth. We explore various aspects and provide practical examples.,TRUE,4816,2.2,45,8,2025-02-19T15:59:00,2025-02-19T15:59:00
128,デザインパターン入門 #128,,TRUE,1106,4.0,27,8,2023-06-23T11:21:55,2023-06-23T11:21:55
129,Docker入門ガイド #129,This article covers topic 129 in depth. We explore various aspects and provide practical examples.,FALSE,4584,3.3,48,11,2023-07-04T05:04:21,2023-07-04T05:04:21
130,Linux Command Line Tips #130,この記事ではPost 130について詳しく解説します。初心者にもわかりやすく説明していきます。,TRUE,3419,3.6,29,9,2024-04-10T17:46:11,2024-04-10T17:46:11
131,デザインパターン入門 #131,This article covers topic 131 in depth. We explore various aspects and provide practical examples.,TRUE,7181,3.2,35,4,2024-11-10T18:23:03,2024-11-10T18:23:03
132,AWS Lambda実践 #132,この記事ではPost 132について詳しく解説します。初心者にもわかりやすく説明していきます。,FALSE,9945,3.3,38,18,2023-04-13T02:03:29,2023-04-13T02:03:29
133,CI/CD Pipeline Setup #133,This article covers topic 133 in depth. We explore various aspects and provide practical examples.,TRUE,8286,,8,7,2023-01-16T08:49:38,2023-01-16T08:49:38
134,Kubernetes Best Practices #134,この記事ではPost 134について詳しく解説します。初心者にもわかりやすく説明していきます。,TRUE,3487,0.9,15,13,2023-11-11T01:14:10,2023-11-11T01:14:10
135,CI/CD Pipeline Setup #135,6700,FALSE,453,3.5,2,,2023-11-06T14:28:30,2023-11-06T14:28:30
136,セキュリティベストプラクティス #136,,TRUE,8628,2.1,49,9,2025-01-08T21:15:57,2025-01-08T21:15:57
137,Next.js 15の新機能 #137,This article covers topic 137 in depth. We explore various aspects and provide practical examples.,TRUE,7505,3.1,34,15,2024-01-10T02:29:23,2024-01-10T02:29:23
138,Building Scalable APIs #138,この記事ではPost 138について詳しく解説します。初心者にもわかりやすく説明していきます。,FALSE,6827,0.5,1,5,2025-04-26T21:16:50,2025-04-26T21:16:50
139,機械学習の基礎 #139,This article covers topic 139 in depth. We explore various aspects and provide practical examples.,TRUE,3893,2.7,44,11,2024-01-16T11:22:22,2024-01-16T11:22:22
140,セキュリティベストプラクティス #140,この記事ではPost 140について詳しく解説します。初心者にもわかりやすく説明していきます。,TRUE,1300,,14,11,2025-08-23T07:06:46,2025-08-23T07:06:46
141,Testing Strategies in Node.js #141,This article covers topic 141 in depth. We explore various aspects and provide practical examples.,FALSE,935,0.5,20,12,2025-12-24T17:32:19,2025-12-24T17:32:19
142,Swift UI Tutorial #142,この記事ではPost 142について詳しく解説します。初心者にもわかりやすく説明していきます。,TRUE,743,3.3,15,6,2024-02-15T08:30:45,2024-02-15T08:30:45
143,Vue.js 3 Migration Guide #143,This article covers topic 143 in depth. We explore various aspects and provide practical examples.,TRUE,1918,1.0,45,15,2023-12-09T15:33:42,2023-12-09T15:33:42
144,Next.js 15の新機能 #144,,FALSE,1282,3.2,6,,2024-12-14T22:53:10,2024-12-14T22:53:10
145,React Hooks深掘り #145,This article covers topic 145 in depth. We explore various aspects and provide practical examples.,TRUE,2126,2.3,39,17,2024-09-09T15:33:43,2024-09-09T15:33:43
146,Next.js 15の新機能 #146,この記事ではPost 146について詳しく解説します。初心者にもわかりやすく説明していきます。,TRUE,8039,0.6,17,3,2024-04-17T19:46:31,2024-04-17T19:46:31
147,Git Advanced Techniques #147,This article covers topic 147 in depth. We explore various aspects and provide practical examples.,FALSE,2882,,47,13,2023-02-09T05:33:49,2023-02-09T05:33:49
148,Pythonデータ分析 #148,この記事ではPost 148について詳しく解説します。初心者にもわかりやすく説明していきます。,TRUE,1480,1.4,11,9,2025-08-22T17:17:27,2025-08-22T17:17:27
149,パフォーマンス最適化 #149,This article covers topic 149 in depth. We explore various aspects and provide practical examples.,TRUE,2185,1.3,38,10,2024-12-01T12:53:17,2024-12-01T12:53:17
150,パフォーマンス最適化 #150,1951,FALSE,5181,0.4,40,18,2023-12-18T04:55:53,2023-12-18T04:55:53
151,Understanding TypeScript Generics #151,This article covers topic 151 in depth. We explore various aspects and provide practical examples.,TRUE,4398,0.4,47,12,2023-04-04T00:39:15,2023-04-04T00:39:15
152,API設計原則 #152,,TRUE,3769,3.7,19,18,2024-02-27T08:21:17,2024-02-27T08:21:17
153,バージョン管理の基本 #153,This article covers topic 153 in depth. We explore various aspects and provide practical examples.,FALSE,5888,2.5,34,,2023-06-24T13:34:01,2023-06-24T13:34:01
154,Git Advanced Techniques #154,この記事ではPost 154について詳しく解説します。初心者にもわかりやすく説明していきます。,TRUE,1610,,41,13,2025-01-06T12:13:21,2025-01-06T12:13:21
155,Pythonデータ分析 #155,This article covers topic 155 in depth. We explore various aspects and provide practical examples.,TRUE,4249,1.5,48,18,2025-06-27T20:36:05,2025-06-27T20:36:05
156,API設計原則 #156,この記事ではPost 156について詳しく解説します。初心者にもわかりやすく説明していきます。,FALSE,7527,3.4,23,16,2024-01-28T08:11:23,2024-01-28T08:11:23
157,Next.js 15の新機能 #157,This article covers topic 157 in depth. We explore various aspects and provide practical examples.,TRUE,6704,3.2,1,9,2023-07-28T22:44:24,2023-07-28T22:44:24
158,パフォーマンス最適化 #158,この記事ではPost 158について詳しく解説します。初心者にもわかりやすく説明していきます。,TRUE,6435,4.6,22,3,2024-07-23T16:10:53,2024-07-23T16:10:53
159,デザインパターン入門 #159,This article covers topic 159 in depth. We explore various aspects and provide practical examples.,FALSE,7245,2.3,33,13,2025-08-17T12:25:31,2025-08-17T12:25:31
160,Understanding TypeScript Generics #160,,TRUE,5702,FALSE,15,6,2025-04-18T09:43:17,2025-04-18T09:43:17
161,TDD実践入門 #161,This article covers topic 161 in depth. We explore various aspects and provide practical examples.,TRUE,6524,,4,1,2023-06-03T03:02:24,2023-06-03T03:02:24
162,バージョン管理の基本 #162,この記事ではPost 162について詳しく解説します。初心者にもわかりやすく説明していきます。,FALSE,3160,2.0,24,,2025-04-02T11:16:40,2025-04-02T11:16:40
163,はじめてのReact入門 #163,This article covers topic 163 in depth. We explore various aspects and provide practical examples.,TRUE,6367,4.0,17,2,2025-04-04T07:21:30,2025-04-04T07:21:30
164,React Hooks深掘り #164,この記事ではPost 164について詳しく解説します。初心者にもわかりやすく説明していきます。,TRUE,8439,0.8,26,19,2023-03-09T20:58:33,2023-03-09T20:58:33
165,API設計原則 #165,7354,FALSE,3429,2.6,49,4,2023-12-19T09:06:04,2023-12-19T09:06:04
166,Rust for Beginners #166,この記事ではPost 166について詳しく解説します。初心者にもわかりやすく説明していきます。,TRUE,4518,3.5,24,1,2023-11-27T22:25:27,2023-11-27T22:25:27
167,CSS Grid完全ガイド #167,This article covers topic 167 in depth. We explore various aspects and provide practical examples.,TRUE,5893,2.8,14,1,2025-12-08T06:48:02,2025-12-08T06:48:02
168,Agile Development Guide #168,,FALSE,2257,,6,19,2024-03-26T22:55:43,2024-03-26T22:55:43
169,Rust for Beginners #169,This article covers topic 169 in depth. We explore various aspects and provide practical examples.,TRUE,7270,0.8,20,2,2024-09-04T19:14:17,2024-09-04T19:14:17
170,Swift UI Tutorial #170,この記事ではPost 170について詳しく解説します。初心者にもわかりやすく説明していきます。,TRUE,9510,3.9,6,17,2024-07-12T16:02:27,2024-07-12T16:02:27
171,パフォーマンス最適化 #171,This article covers topic 171 in depth. We explore various aspects and provide practical examples.,FALSE,5774,1.4,45,,2025-08-27T03:18:51,2025-08-27T03:18:51
172,機械学習の基礎 #172,この記事ではPost 172について詳しく解説します。初心者にもわかりやすく説明していきます。,TRUE,6777,3.2,3,12,2024-04-21T09:50:16,2024-04-21T09:50:16
173,Swift UI Tutorial #173,This article covers topic 173 in depth. We explore various aspects and provide practical examples.,TRUE,8578,1.9,22,13,2023-02-17T09:43:36,2023-02-17T09:43:36
174,Docker入門ガイド #174,この記事ではPost 174について詳しく解説します。初心者にもわかりやすく説明していきます。,FALSE,6335,4.8,33,2,2024-03-04T04:53:10,2024-03-04T04:53:10
175,Agile Development Guide #175,This article covers topic 175 in depth. We explore various aspects and provide practical examples.,TRUE,5513,,16,8,2025-12-12T06:52:14,2025-12-12T06:52:14
176,Linux Command Line Tips #176,,TRUE,4436,4.2,18,17,2025-08-24T08:53:30,2025-08-24T08:53:30
177,Next.js 15の新機能 #177,This article covers topic 177 in depth. We explore various aspects and provide practical examples.,FALSE,7842,3.4,22,17,2024-05-26T19:30:26,2024-05-26T19:30:26
178,Microservices Architecture #178,この記事ではPost 178について詳しく解説します。初心者にもわかりやすく説明していきます。,TRUE,1330,1.2,28,20,2024-04-14T00:21:54,2024-04-14T00:21:54
179,CSS Grid完全ガイド #179,This article covers topic 179 in depth. We explore various aspects and provide practical examples.,TRUE,9735,2.1,4,3,2025-07-19T11:30:17,2025-07-19T11:30:17
180,Building Scalable APIs #180,133,FALSE,378,FALSE,12,,2023-07-21T15:08:30,2023-07-21T15:08:30
181,Git Advanced Techniques #181,This article covers topic 181 in depth. We explore various aspects and provide practical examples.,TRUE,7555,2.6,30,4,2025-06-13T16:56:10,2025-06-13T16:56:10
182,GraphQL vs REST API #182,この記事ではPost 182について詳しく解説します。初心者にもわかりやすく説明していきます。,TRUE,664,,1,9,2024-03-10T17:59:20,2024-03-10T17:59:20
183,Agile Development Guide #183,This article covers topic 183 in depth. We explore various aspects and provide practical examples.,FALSE,3536,2.1,34,5,2023-10-01T04:40:03,2023-10-01T04:40:03
184,Next.js 15の新機能 #184,,TRUE,3558,4.6,37,5,2024-11-10T06:09:41,2024-11-10T06:09:41
185,Microservices Architecture #185,This article covers topic 185 in depth. We explore various aspects and provide practical examples.,TRUE,3,4.7,17,2,2025-06-04T20:53:34,2025-06-04T20:53:34
186,React Hooks深掘り #186,この記事ではPost 186について詳しく解説します。初心者にもわかりやすく説明していきます。,FALSE,9885,4.3,35,10,2023-01-05T12:10:11,2023-01-05T12:10:11
187,PostgreSQL Performance Tips #187,This article covers topic 187 in depth. We explore various aspects and provide practical examples.,TRUE,7817,2.9,48,14,2024-04-28T21:48:17,2024-04-28T21:48:17
188,Testing Strategies in Node.js #188,この記事ではPost 188について詳しく解説します。初心者にもわかりやすく説明していきます。,TRUE,3284,3.2,4,19,2025-03-11T22:52:20,2025-03-11T22:52:20
189,PostgreSQL Performance Tips #189,This article covers topic 189 in depth. We explore various aspects and provide practical examples.,FALSE,8893,,22,,2025-12-19T20:47:38,2025-12-19T20:47:38
190,Swift UI Tutorial #190,この記事ではPost 190について詳しく解説します。初心者にもわかりやすく説明していきます。,TRUE,7181,1.6,43,4,2024-09-21T02:26:11,2024-09-21T02:26:11
191,Next.js 15の新機能 #191,This article covers topic 191 in depth. We explore various aspects and provide practical examples.,TRUE,5757,3.5,43,7,2023-12-19T20:56:47,2023-12-19T20:56:47
192,Building Scalable APIs #192,,FALSE,1282,1.8,28,10,2025-02-01T07:50:16,2025-02-01T07:50:16
193,PostgreSQL Performance Tips #193,This article covers topic 193 in depth. We explore various aspects and provide practical examples.,TRUE,1095,1.3,2,6,2024-05-08T03:44:00,2024-05-08T03:44:00
194,バージョン管理の基本 #194,この記事ではPost 194について詳しく解説します。初心者にもわかりやすく説明していきます。,TRUE,960,4.6,25,13,2025-05-27T10:34:10,2025-05-27T10:34:10
195,Understanding TypeScript Generics #195,6479,FALSE,132,1.4,38,17,2024-04-10T03:29:40,2024-04-10T03:29:40
196,Git Advanced Techniques #196,この記事ではPost 196について詳しく解説します。初心者にもわかりやすく説明していきます。,TRUE,475,,14,1,2023-12-10T04:31:24,2023-12-10T04:31:24
197,サーバーレスアーキテクチャ #197,This article covers topic 197 in depth. We explore various aspects and provide practical examples.,TRUE,5789,3.0,14,15,2025-10-02T16:19:03,2025-10-02T16:19:03
198,GraphQL vs REST API #198,この記事ではPost 198について詳しく解説します。初心者にもわかりやすく説明していきます。,FALSE,7041,3.5,31,,2023-11-11T13:43:06,2023-11-11T13:43:06
199,Docker入門ガイド #199,This article covers topic 199 in depth. We explore various aspects and provide practical examples.,TRUE,3155,1.1,9,4,2024-09-02T23:28:27,2024-09-02T23:28:27
200,API設計原則 #200,,TRUE,454,FALSE,28,5,2023-02-01T23:06:27,2023-02-01T23:06:27
