id,email,name,age,isActive,role,createdAt,internalNote
1,user1@company.co.jp,Chris Jackson,39,TRUE,admin,2023-09-25T08:15:14,note_1
2,user2@outlook.com,佐藤 浩二,31,TRUE,user,2024-02-18T06:57:37,note_2
3,user3@outlook.com,Sarah Smith,59,TRUE,user,2023-05-02T02:21:22,note_3
4,user4@example.com,井上 隆,19,TRUE,admin,2024-10-14T10:21:13,note_4
5,user5@example.com,Steve Williams,61,TRUE,user,2024-07-13T19:32:39,note_5
6,user6@company.co.jp,中村 浩二,27,TRUE,moderator,2024-11-11T19:44:46,note_6
7,user7@test.org,Steve Moore,,TRUE,user,2024-01-07T09:43:11,note_7
8,user8@outlook.com,伊藤 さくら,56,TRUE,user,2024-05-28T08:07:40,note_8
9,user9@example.com,Hannah Smith,49,TRUE,user,2024-05-21T17:42:16,note_9
10,user10@gmail.com,伊藤 結衣,58,FALSE,user,2025-07-05T00:16:26,note_10
11,user11@example.com,Megan Wilson,43,TRUE,user,2024-08-25T15:59:33,note_11
12,user12@company.co.jp,伊藤 誠,27,TRUE,user,2023-09-25T07:55:06,note_12
13,user13@outlook.com,Bob Davis,42,TRUE,user,2024-04-18T04:39:29,note_13
14,user14@gmail.com,田中 綾,,TRUE,user,2025-12-05T22:09:09,note_14
15,user15@yahoo.co.jp,John Williams,48,TRUE,user,2024-06-15T15:45:29,note_15
16,user16@company.co.jp,高橋 麻衣,44,TRUE,moderator,2024-08-23T18:14:46,note_16
17,user17@gmail.com,Bob Williams,56,TRUE,moderator,2024-01-04T01:33:17,note_17
18,user18@example.com,中村 浩二,54,TRUE,admin,2023-02-13T23:40:01,note_18
19,user19@gmail.com,Olivia Smith,62,TRUE,moderator,2023-07-18T04:26:57,note_19
20,user20@company.co.jp,渡辺 真由美,40,FALSE,moderator,2025-06-12T06:19:55,note_20
21,user21@outlook.com,John Smith,,TRUE,moderator,2024-06-16T09:01:31,note_21
22,user22@outlook.com,吉田 拓也,37,TRUE,user,2024-07-07T00:44:59,note_22
23,user23@outlook.com,Chris Jones,35,TRUE,moderator,2023-08-09T02:54:43,note_23
24,user24@example.com,加藤 太郎,21,TRUE,user,2023-06-10T23:46:48,note_24
25,user25@gmail.com,Brian Wilson,63,TRUE,user,2023-11-11T23:47:12,note_25
26,user26@outlook.com,渡辺 直樹,20,TRUE,moderator,2025-10-19T16:33:13,note_26
27,user27@outlook.com,Nicole Jones,41,TRUE,user,2024-11-11T22:35:45,note_27
28,user28@company.co.jp,鈴木 浩二,,TRUE,user,2025-06-22T18:36:25,note_28
29,user29@example.com,Steve Johnson,51,TRUE,user,2023-08-06T09:16:21,note_29
30,user30@company.co.jp,加藤 綾,28,FALSE,moderator,2024-12-18T09:40:34,note_30
31,user31@gmail.com,Steve Garcia,61,TRUE,user,2025-01-07T13:12:45,note_31
32,user32@outlook.com,山本 誠,34,TRUE,user,2023-03-08T07:59:37,note_32
33,user33@test.org,Bob Thomas,63,TRUE,moderator,2025-03-09T05:11:34,note_33
34,user34@company.co.jp,伊藤 健一,52,TRUE,admin,2023-03-26T14:58:15,note_34
35,user35@gmail.com,Bob Smith,,TRUE,admin,2024-03-27T07:52:27,note_35
36,user36@test.org,吉田 浩二,59,TRUE,user,2025-08-01T15:02:37,note_36
37,user37@example.com,Nicole White,47,TRUE,user,2023-01-22T02:38:49,note_37
38,user38@outlook.com,渡辺 浩二,35,TRUE,user,2023-09-24T06:35:31,note_38
39,user39@company.co.jp,Sarah Davis,60,TRUE,user,2025-08-18T21:04:38,note_39
40,user40@company.co.jp,伊藤 誠,62,FALSE,user,2025-01-04T00:26:54,note_40
41,user41@outlook.com,Megan Garcia,65,TRUE,user,2024-08-22T19:45:07,note_41
42,user42@test.org,加藤 明日香,,TRUE,moderator,2023-12-09T03:29:46,note_42
43,user43@test.org,Sarah Wilson,63,TRUE,user,2025-06-07T10:57:44,note_43
44,user44@test.org,高橋 花子,52,TRUE,user,2023-10-26T15:36:28,note_44
45,user45@outlook.com,Bob Moore,37,TRUE,admin,2023-05-04T16:14:00,note_45
46,user46@example.com,山本 綾,20,TRUE,user,2023-11-16T20:58:24,note_46
47,user47@yahoo.co.jp,John Smith,34,TRUE,user,2023-04-12T00:57:16,note_47
48,user48@test.org,渡辺 誠,32,TRUE,user,2024-06-19T15:41:31,note_48
49,user49@company.co.jp,Olivia White,,TRUE,moderator,2023-02-15T04:34:15,note_49
50,user50@company.co.jp,加藤 拓也,54,FALSE,user,2024-04-20T00:19:30,note_50
